target,holdout,metric,utility_threshold,baseline_D,baseline_metric,required_metric,minimum_D,achieved_metric,achieved_utility_retention,storage_reduction_pct,compression_ratio
class_label,family_holdout,test_accuracy,0.95,1280,0.9827044025157232,0.933569182389937,128,0.9599056603773585,0.9768,90.0,10.0
class_label,family_holdout,test_accuracy,0.99,1280,0.9827044025157232,0.972877358490566,256,0.9764150943396226,0.9936,80.0,5.0
class_label,family_holdout,test_accuracy,0.995,1280,0.9827044025157232,0.9777908805031446,512,0.9811320754716981,0.9984000000000001,60.0,2.5
class_label,family_holdout,test_macro_f1,0.95,1280,0.9799000964143216,0.9309050915936055,256,0.9709218551500884,0.9908375952843697,80.0,5.0
class_label,family_holdout,test_macro_f1,0.99,1280,0.9799000964143216,0.9701010954501784,256,0.9709218551500884,0.9908375952843697,80.0,5.0
class_label,family_holdout,test_macro_f1,0.995,1280,0.9799000964143216,0.97500059593225,512,0.9788749128683153,0.9989537876873799,60.0,2.5
class_label,family_holdout,test_balanced_accuracy,0.95,1280,0.9723001482043289,0.9236851407941123,256,0.9597487638920342,0.9870910393920284,80.0,5.0
class_label,family_holdout,test_balanced_accuracy,0.99,1280,0.9723001482043289,0.9625771467222856,512,0.971192728492258,0.9988610310158689,60.0,2.5
class_label,family_holdout,test_balanced_accuracy,0.995,1280,0.9723001482043289,0.9674386474633072,512,0.971192728492258,0.9988610310158689,60.0,2.5
class_label,superfamily_holdout,test_accuracy,0.95,1280,0.9282296650717703,0.8818181818181817,256,0.9027113237639554,0.9725085910652922,80.0,5.0
class_label,superfamily_holdout,test_accuracy,0.99,1280,0.9282296650717703,0.9189473684210526,512,0.9218500797448166,0.993127147766323,60.0,2.5
class_label,superfamily_holdout,test_accuracy,0.995,1280,0.9282296650717703,0.9235885167464114,768,0.9250398724082934,0.9965635738831615,40.0,1.6666666666666667
class_label,superfamily_holdout,test_macro_f1,0.95,1280,0.8717741099106132,0.8281854044150825,256,0.8572197513827674,0.983304897034235,80.0,5.0
class_label,superfamily_holdout,test_macro_f1,0.99,1280,0.8717741099106132,0.863056368811507,512,0.8767790996081953,1.0057411543204642,60.0,2.5
class_label,superfamily_holdout,test_macro_f1,0.995,1280,0.8717741099106132,0.8674152393610601,512,0.8767790996081953,1.0057411543204642,60.0,2.5
class_label,superfamily_holdout,test_balanced_accuracy,0.95,1280,0.8378453525403395,0.7959530849133225,256,0.8215042101880771,0.980496230834585,80.0,5.0
class_label,superfamily_holdout,test_balanced_accuracy,0.99,1280,0.8378453525403395,0.8294668990149361,512,0.8385805684978435,1.0008775079497365,60.0,2.5
class_label,superfamily_holdout,test_balanced_accuracy,0.995,1280,0.8378453525403395,0.8336561257776378,512,0.8385805684978435,1.0008775079497365,60.0,2.5
class_label,fold_holdout,test_accuracy,0.95,1280,0.8871866295264624,0.8428272980501392,128,0.8662952646239555,0.9764521193092621,90.0,10.0
class_label,fold_holdout,test_accuracy,0.99,1280,0.8871866295264624,0.8783147632311978,512,0.8871866295264624,1.0,60.0,2.5
class_label,fold_holdout,test_accuracy,0.995,1280,0.8871866295264624,0.8827506963788301,512,0.8871866295264624,1.0,60.0,2.5
class_label,fold_holdout,test_macro_f1,0.95,1280,0.7599801810802995,0.7219811720262845,32,0.7690878859721949,1.0119841347427625,97.5,40.0
class_label,fold_holdout,test_macro_f1,0.99,1280,0.7599801810802995,0.7523803792694965,32,0.7690878859721949,1.0119841347427625,97.5,40.0
class_label,fold_holdout,test_macro_f1,0.995,1280,0.7599801810802995,0.756180280174898,32,0.7690878859721949,1.0119841347427625,97.5,40.0
class_label,fold_holdout,test_balanced_accuracy,0.95,1280,0.8839587971679705,0.839760857309572,128,0.8728424791017528,0.9874243934198832,90.0,10.0
class_label,fold_holdout,test_balanced_accuracy,0.99,1280,0.8839587971679705,0.8751192091962908,256,0.8806033244618825,0.9962040394678594,80.0,5.0
class_label,fold_holdout,test_balanced_accuracy,0.995,1280,0.8839587971679705,0.8795390031821307,256,0.8806033244618825,0.9962040394678594,80.0,5.0
fold_label,family_holdout,test_accuracy,0.95,1280,0.9795597484276729,0.9305817610062892,128,0.9520440251572327,0.9719101123595506,90.0,10.0
fold_label,family_holdout,test_accuracy,0.99,1280,0.9795597484276729,0.9697641509433962,256,0.9716981132075472,0.9919743178170145,80.0,5.0
fold_label,family_holdout,test_accuracy,0.995,1280,0.9795597484276729,0.9746619496855345,512,0.97562893081761,0.9959871589085072,60.0,2.5
fold_label,family_holdout,test_macro_f1,0.95,1280,0.9497071698855231,0.9022218113912469,256,0.9251650660913936,0.9741582410111869,80.0,5.0
fold_label,family_holdout,test_macro_f1,0.99,1280,0.9497071698855231,0.9402100981866678,512,0.9421810314615624,0.9920753063021859,60.0,2.5
fold_label,family_holdout,test_macro_f1,0.995,1280,0.9497071698855231,0.9449586340360955,768,0.9497071698855231,1.0,40.0,1.6666666666666667
fold_label,family_holdout,test_balanced_accuracy,0.95,1280,0.960265817394751,0.9122525265250134,256,0.9390460348755334,0.9779021786105143,80.0,5.0
fold_label,family_holdout,test_balanced_accuracy,0.99,1280,0.960265817394751,0.9506631592208035,512,0.952608180107484,0.9920255025758987,60.0,2.5
fold_label,family_holdout,test_balanced_accuracy,0.995,1280,0.960265817394751,0.9554644883077773,768,0.960265817394751,1.0,40.0,1.6666666666666667
fold_label,superfamily_holdout,test_accuracy,0.95,1280,0.6196172248803827,0.5886363636363636,512,0.6076555023923444,0.9806949806949807,60.0,2.5
fold_label,superfamily_holdout,test_accuracy,0.99,1280,0.6196172248803827,0.6134210526315789,768,0.6172248803827751,0.9961389961389963,40.0,1.6666666666666667
fold_label,superfamily_holdout,test_accuracy,0.995,1280,0.6196172248803827,0.6165191387559809,768,0.6172248803827751,0.9961389961389963,40.0,1.6666666666666667
fold_label,superfamily_holdout,test_macro_f1,0.95,1280,0.3492276981412721,0.33176631323420847,512,0.3331360322397226,0.9539221373699861,60.0,2.5
fold_label,superfamily_holdout,test_macro_f1,0.99,1280,0.3492276981412721,0.34573542115985934,768,0.3465635346335575,0.992371270887463,40.0,1.6666666666666667
fold_label,superfamily_holdout,test_macro_f1,0.995,1280,0.3492276981412721,0.3474815596505657,1024,0.3490237166462938,0.9994159068823465,19.999999999999996,1.25
fold_label,superfamily_holdout,test_balanced_accuracy,0.95,1280,0.38718800619817023,0.3678286058882617,512,0.3705622032427657,0.957060129215637,60.0,2.5
fold_label,superfamily_holdout,test_balanced_accuracy,0.99,1280,0.38718800619817023,0.38331612613618854,768,0.3848650529083661,0.994000451324375,40.0,1.6666666666666667
fold_label,superfamily_holdout,test_balanced_accuracy,0.995,1280,0.38718800619817023,0.3852520661671794,1024,0.38688106942714506,0.9992072668416592,19.999999999999996,1.25
fold_label,fold_holdout,test_accuracy,0.95,1280,0.3161559888579387,0.30034818941504177,512,0.31058495821727017,0.9823788546255505,60.0,2.5
fold_label,fold_holdout,test_accuracy,0.99,1280,0.3161559888579387,0.3129944289693593,768,0.31337047353760444,0.9911894273127753,40.0,1.6666666666666667
fold_label,fold_holdout,test_accuracy,0.995,1280,0.3161559888579387,0.31457520891364904,1024,0.3161559888579387,1.0,19.999999999999996,1.25
fold_label,fold_holdout,test_macro_f1,0.95,1280,0.12888322077953698,0.12243905974056013,512,0.12620654665243672,0.9792317874203432,60.0,2.5
fold_label,fold_holdout,test_macro_f1,0.99,1280,0.12888322077953698,0.1275943885717416,1024,0.128590138072371,0.99772598244059,19.999999999999996,1.25
fold_label,fold_holdout,test_macro_f1,0.995,1280,0.12888322077953698,0.1282388046756393,1024,0.128590138072371,0.99772598244059,19.999999999999996,1.25
fold_label,fold_holdout,test_balanced_accuracy,0.95,1280,0.17778000186088422,0.16889100176784,512,0.17545740615593555,0.9869355626018829,60.0,2.5
fold_label,fold_holdout,test_balanced_accuracy,0.99,1280,0.17778000186088422,0.17600220184227539,1024,0.17778000186088422,1.0,19.999999999999996,1.25
fold_label,fold_holdout,test_balanced_accuracy,0.995,1280,0.17778000186088422,0.1768911018515798,1024,0.17778000186088422,1.0,19.999999999999996,1.25
superfamily_label,family_holdout,test_accuracy,0.95,1280,0.9787735849056604,0.9298349056603773,128,0.9441823899371069,0.9646586345381526,90.0,10.0
superfamily_label,family_holdout,test_accuracy,0.99,1280,0.9787735849056604,0.9689858490566038,512,0.9764150943396226,0.9975903614457831,60.0,2.5
superfamily_label,family_holdout,test_accuracy,0.995,1280,0.9787735849056604,0.9738797169811321,512,0.9764150943396226,0.9975903614457831,60.0,2.5
superfamily_label,family_holdout,test_macro_f1,0.95,1280,0.9430309214521875,0.8958793753795781,256,0.914144693851803,0.9693687376062895,80.0,5.0
superfamily_label,family_holdout,test_macro_f1,0.99,1280,0.9430309214521875,0.9336006122376656,512,0.9347997536390392,0.9912715822716895,60.0,2.5
superfamily_label,family_holdout,test_macro_f1,0.995,1280,0.9430309214521875,0.9383157668449266,768,0.9430309214521875,1.0,40.0,1.6666666666666667
superfamily_label,family_holdout,test_balanced_accuracy,0.95,1280,0.9626694649491002,0.9145359917016451,256,0.9386966316758703,0.9750975447481369,80.0,5.0
superfamily_label,family_holdout,test_balanced_accuracy,0.99,1280,0.9626694649491002,0.9530427702996092,512,0.956995706083852,0.9941062232969566,60.0,2.5
superfamily_label,family_holdout,test_balanced_accuracy,0.995,1280,0.9626694649491002,0.9578561176243547,768,0.9626694649491002,1.0,40.0,1.6666666666666667
superfamily_label,superfamily_holdout,test_accuracy,0.95,1280,0.5773524720893142,0.5484848484848485,512,0.5606060606060606,0.9709944751381215,60.0,2.5
superfamily_label,superfamily_holdout,test_accuracy,0.99,1280,0.5773524720893142,0.5715789473684211,1024,0.5741626794258373,0.994475138121547,19.999999999999996,1.25
superfamily_label,superfamily_holdout,test_accuracy,0.995,1280,0.5773524720893142,0.5744657097288676,1280,0.5773524720893142,1.0,0.0,1.0
superfamily_label,superfamily_holdout,test_macro_f1,0.95,1280,0.35890545104549487,0.34096017849322013,768,0.34190355541504336,0.9526284831257791,40.0,1.6666666666666667
superfamily_label,superfamily_holdout,test_macro_f1,0.99,1280,0.35890545104549487,0.35531639653503994,1280,0.35890545104549487,1.0,0.0,1.0
superfamily_label,superfamily_holdout,test_macro_f1,0.995,1280,0.35890545104549487,0.3571109237902674,1280,0.35890545104549487,1.0,0.0,1.0
superfamily_label,superfamily_holdout,test_balanced_accuracy,0.95,1280,0.42192482816146387,0.40082858675339067,768,0.4045555853823851,0.9588333238061264,40.0,1.6666666666666667
superfamily_label,superfamily_holdout,test_balanced_accuracy,0.99,1280,0.42192482816146387,0.41770557987984924,1280,0.42192482816146387,1.0,0.0,1.0
superfamily_label,superfamily_holdout,test_balanced_accuracy,0.995,1280,0.42192482816146387,0.41981520402065653,1280,0.42192482816146387,1.0,0.0,1.0
family_label,family_holdout,test_accuracy,0.95,1280,0.9622641509433962,0.9141509433962264,128,0.925314465408805,0.9616013071895425,90.0,10.0
family_label,family_holdout,test_accuracy,0.99,1280,0.9622641509433962,0.9526415094339623,256,0.9551886792452831,0.9926470588235294,80.0,5.0
family_label,family_holdout,test_accuracy,0.995,1280,0.9622641509433962,0.9574528301886792,512,0.9583333333333334,0.9959150326797386,60.0,2.5
family_label,family_holdout,test_macro_f1,0.95,1280,0.9117578751795508,0.8661699814205732,256,0.9036030357367779,0.9910559155398938,80.0,5.0
family_label,family_holdout,test_macro_f1,0.99,1280,0.9117578751795508,0.9026402964277552,256,0.9036030357367779,0.9910559155398938,80.0,5.0
family_label,family_holdout,test_macro_f1,0.995,1280,0.9117578751795508,0.907199085803653,768,0.9094885299414555,0.9975110220598331,40.0,1.6666666666666667
family_label,family_holdout,test_balanced_accuracy,0.95,1280,0.9373981676883395,0.8905282593039224,256,0.9266454795162965,0.9885292199807052,80.0,5.0
family_label,family_holdout,test_balanced_accuracy,0.99,1280,0.9373981676883395,0.9280241860114561,512,0.9322906408066192,0.994551379490835,60.0,2.5
family_label,family_holdout,test_balanced_accuracy,0.995,1280,0.9373981676883395,0.9327111768498978,768,0.9349788128496298,0.9974190744956586,40.0,1.6666666666666667
