target,holdout,D,train_accuracy,valid_accuracy,test_accuracy,train_macro_f1,valid_macro_f1,test_macro_f1,test_balanced_accuracy,explained_variance,classification_valid,unseen_test_classes
class_label,family_holdout,32,0.8003573749187785,0.7391304347826086,0.8388364779874213,0.6874746553002062,0.6394871861060263,0.6255633953651802,0.6227838067589188,0.76713604,True,0
class_label,family_holdout,64,0.8571312540610786,0.7866847826086957,0.9009433962264151,0.7846530769476876,0.7116292874902054,0.8220367493618531,0.7908193337174669,0.83210516,True,0
class_label,family_holdout,128,0.9207277452891488,0.8464673913043478,0.9599056603773585,0.8707561970958332,0.7836927546891151,0.9142429247916227,0.8861601487573886,0.8901831,True,0
class_label,family_holdout,256,0.9498862897985705,0.8899456521739131,0.9764150943396226,0.9135623620688517,0.8302145334429731,0.9709218551500884,0.9597487638920342,0.9395798,True,0
class_label,family_holdout,512,0.9636939571150097,0.9035326086956522,0.9811320754716981,0.9361460378095504,0.8393714539056153,0.9788749128683153,0.971192728492258,0.9767876,True,0
class_label,family_holdout,768,0.9678362573099415,0.907608695652174,0.9827044025157232,0.9432713939723835,0.8471479237830405,0.9798381341626127,0.972110869835174,0.9909389,True,0
class_label,family_holdout,1024,0.9705165692007798,0.907608695652174,0.9827044025157232,0.9458433723014685,0.8472127135198171,0.9799000964143216,0.9723001482043289,0.99726164,True,0
class_label,family_holdout,1280,0.9712475633528265,0.90625,0.9827044025157232,0.9466635710595233,0.846342462838952,0.9799000964143216,0.9723001482043289,0.9999999,True,0
class_label,superfamily_holdout,32,0.8003573749187785,0.7391304347826086,0.7472089314194578,0.6874746553002062,0.6394871861060263,0.6378661614617649,0.633388508666472,0.76713604,True,0
class_label,superfamily_holdout,64,0.8571312540610786,0.7866847826086957,0.7814992025518341,0.7846530769476876,0.7116292874902054,0.6879539781090626,0.6683314731662108,0.83210516,True,0
class_label,superfamily_holdout,128,0.9207277452891488,0.8464673913043478,0.8556618819776715,0.8707561970958332,0.7836927546891151,0.761816498964139,0.7321699453618147,0.8901831,True,0
class_label,superfamily_holdout,256,0.9498862897985705,0.8899456521739131,0.9027113237639554,0.9135623620688517,0.8302145334429731,0.8572197513827674,0.8215042101880771,0.9395798,True,0
class_label,superfamily_holdout,512,0.9636939571150097,0.9035326086956522,0.9218500797448166,0.9361460378095504,0.8393714539056153,0.8767790996081953,0.8385805684978435,0.9767876,True,0
class_label,superfamily_holdout,768,0.9678362573099415,0.907608695652174,0.9250398724082934,0.9432713939723835,0.8471479237830405,0.88180747567396,0.8533686387779115,0.9909389,True,0
class_label,superfamily_holdout,1024,0.9705165692007798,0.907608695652174,0.9266347687400319,0.9458433723014685,0.8472127135198171,0.8828924685130285,0.8543210197302924,0.99726164,True,0
class_label,superfamily_holdout,1280,0.9712475633528265,0.90625,0.9282296650717703,0.9466635710595233,0.846342462838952,0.8717741099106132,0.8378453525403395,0.9999999,True,0
class_label,fold_holdout,32,0.8003573749187785,0.7391304347826086,0.7855153203342619,0.6874746553002062,0.6394871861060263,0.7690878859721949,0.7520740999356693,0.76713604,True,0
class_label,fold_holdout,64,0.8571312540610786,0.7866847826086957,0.8105849582172702,0.7846530769476876,0.7116292874902054,0.6997427657184963,0.8196066855456311,0.83210516,True,0
class_label,fold_holdout,128,0.9207277452891488,0.8464673913043478,0.8662952646239555,0.8707561970958332,0.7836927546891151,0.7440393202708935,0.8728424791017528,0.8901831,True,0
class_label,fold_holdout,256,0.9498862897985705,0.8899456521739131,0.8774373259052924,0.9135623620688517,0.8302145334429731,0.7538833724221015,0.8806033244618825,0.9395798,True,0
class_label,fold_holdout,512,0.9636939571150097,0.9035326086956522,0.8871866295264624,0.9361460378095504,0.8393714539056153,0.8826985244023873,0.8838071835660646,0.9767876,True,0
class_label,fold_holdout,768,0.9678362573099415,0.907608695652174,0.8899721448467967,0.9432713939723835,0.8471479237830405,0.7601867856955229,0.8857131831328829,0.9909389,True,0
class_label,fold_holdout,1024,0.9705165692007798,0.907608695652174,0.8871866295264624,0.9458433723014685,0.8472127135198171,0.7583524385361214,0.8839440306589211,0.99726164,True,0
class_label,fold_holdout,1280,0.9712475633528265,0.90625,0.8871866295264624,0.9466635710595233,0.846342462838952,0.7599801810802995,0.8839587971679705,0.9999999,True,0
fold_label,family_holdout,32,0.5393924626380767,0.19293478260869565,0.6949685534591195,0.16123812118547903,0.08135014047755569,0.47457392307208884,0.4837214468677847,0.76713604,True,0
fold_label,family_holdout,64,0.7236029889538661,0.2866847826086957,0.85062893081761,0.28102522367609595,0.1463951840358224,0.6963915766707683,0.7108824720370456,0.83210516,True,0
fold_label,family_holdout,128,0.8460038986354775,0.39945652173913043,0.9520440251572327,0.39937303656855233,0.22436075067965908,0.8703369395453298,0.895187803907166,0.8901831,True,0
fold_label,family_holdout,256,0.8984730344379467,0.47690217391304346,0.9716981132075472,0.48865508887649095,0.3058900248857784,0.9251650660913936,0.9390460348755334,0.9395798,True,0
fold_label,family_holdout,512,0.9197530864197531,0.5081521739130435,0.97562893081761,0.5411520828737141,0.34467358228855566,0.9421810314615624,0.952608180107484,0.9767876,True,0
fold_label,family_holdout,768,0.9246263807667316,0.5122282608695652,0.9795597484276729,0.5592485239864372,0.34680850618977194,0.9497071698855231,0.960265817394751,0.9909389,True,0
fold_label,family_holdout,1024,0.9267381416504223,0.5163043478260869,0.9795597484276729,0.5657946314242027,0.34924044112591984,0.9497071698855231,0.960265817394751,0.99726164,True,0
fold_label,family_holdout,1280,0.9277128005198181,0.5163043478260869,0.9795597484276729,0.5682715307272753,0.35211397415361223,0.9497071698855231,0.960265817394751,0.9999999,True,0
fold_label,superfamily_holdout,32,0.5393924626380767,0.19293478260869565,0.19537480063795853,0.16123812118547903,0.08135014047755569,0.05788318119529496,0.07698313931879842,0.76713604,True,0
fold_label,superfamily_holdout,64,0.7236029889538661,0.2866847826086957,0.3149920255183413,0.28102522367609595,0.1463951840358224,0.11665045528942822,0.14035080883978523,0.83210516,True,0
fold_label,superfamily_holdout,128,0.8460038986354775,0.39945652173913043,0.46730462519936206,0.39937303656855233,0.22436075067965908,0.2016724685977729,0.23745215279649498,0.8901831,True,0
fold_label,superfamily_holdout,256,0.8984730344379467,0.47690217391304346,0.569377990430622,0.48865508887649095,0.3058900248857784,0.2825916160578206,0.3200608120474322,0.9395798,True,0
fold_label,superfamily_holdout,512,0.9197530864197531,0.5081521739130435,0.6076555023923444,0.5411520828737141,0.34467358228855566,0.3331360322397226,0.3705622032427657,0.9767876,True,0
fold_label,superfamily_holdout,768,0.9246263807667316,0.5122282608695652,0.6172248803827751,0.5592485239864372,0.34680850618977194,0.3465635346335575,0.3848650529083661,0.9909389,True,0
fold_label,superfamily_holdout,1024,0.9267381416504223,0.5163043478260869,0.6188197767145136,0.5657946314242027,0.34924044112591984,0.3490237166462938,0.38688106942714506,0.99726164,True,0
fold_label,superfamily_holdout,1280,0.9277128005198181,0.5163043478260869,0.6196172248803827,0.5682715307272753,0.35211397415361223,0.3492276981412721,0.38718800619817023,0.9999999,True,0
fold_label,fold_holdout,32,0.5393924626380767,0.19293478260869565,0.14206128133704735,0.16123812118547903,0.08135014047755569,0.03898456573370224,0.060505476957682845,0.76713604,True,0
fold_label,fold_holdout,64,0.7236029889538661,0.2866847826086957,0.2075208913649025,0.28102522367609595,0.1463951840358224,0.057098946109241905,0.08707605711282182,0.83210516,True,0
fold_label,fold_holdout,128,0.8460038986354775,0.39945652173913043,0.2520891364902507,0.39937303656855233,0.22436075067965908,0.0805111408805987,0.11656066564154799,0.8901831,True,0
fold_label,fold_holdout,256,0.8984730344379467,0.47690217391304346,0.29108635097493035,0.48865508887649095,0.3058900248857784,0.10645412353686282,0.15255944015135192,0.9395798,True,0
fold_label,fold_holdout,512,0.9197530864197531,0.5081521739130435,0.31058495821727017,0.5411520828737141,0.34467358228855566,0.12620654665243672,0.17545740615593555,0.9767876,True,0
fold_label,fold_holdout,768,0.9246263807667316,0.5122282608695652,0.31337047353760444,0.5592485239864372,0.34680850618977194,0.1265853725785167,0.1752064724491195,0.9909389,True,0
fold_label,fold_holdout,1024,0.9267381416504223,0.5163043478260869,0.3161559888579387,0.5657946314242027,0.34924044112591984,0.128590138072371,0.17778000186088422,0.99726164,True,0
fold_label,fold_holdout,1280,0.9277128005198181,0.5163043478260869,0.3161559888579387,0.5682715307272753,0.35211397415361223,0.12888322077953698,0.17778000186088422,0.9999999,True,0
superfamily_label,family_holdout,32,0.5471085120207927,0.125,0.7177672955974843,0.19941053009335877,0.04708198646285153,0.5062302253978628,0.5351824056542122,0.76713604,True,0
superfamily_label,family_holdout,64,0.7284762833008447,0.19701086956521738,0.8616352201257862,0.3465613367404647,0.09916009796831105,0.7346974297576202,0.7558611353490244,0.83210516,True,0
superfamily_label,family_holdout,128,0.8546133853151398,0.3016304347826087,0.9441823899371069,0.4949096729812415,0.15758745917240252,0.8576281447393456,0.8934281413009969,0.8901831,True,0
superfamily_label,family_holdout,256,0.9044834307992202,0.36684782608695654,0.9685534591194969,0.5819400147231029,0.20290887330595578,0.914144693851803,0.9386966316758703,0.9395798,True,0
superfamily_label,family_holdout,512,0.9263320337881742,0.3967391304347826,0.9764150943396226,0.6366750801660628,0.22528913825589014,0.9347997536390392,0.956995706083852,0.9767876,True,0
superfamily_label,family_holdout,768,0.9333983105912931,0.40217391304347827,0.9787735849056604,0.6613178084633929,0.2330619088358674,0.9430309214521875,0.9626694649491002,0.9909389,True,0
superfamily_label,family_holdout,1024,0.9357537361923327,0.4048913043478261,0.9787735849056604,0.6722822131900996,0.23390872875848975,0.9430309214521875,0.9626694649491002,0.99726164,True,0
superfamily_label,family_holdout,1280,0.936809616634178,0.4048913043478261,0.9787735849056604,0.6755831249387015,0.23445342930319024,0.9430309214521875,0.9626694649491002,0.9999999,True,0
superfamily_label,superfamily_holdout,32,0.5471085120207927,0.125,0.17783094098883573,0.19941053009335877,0.04708198646285153,0.06452740363704074,0.09366640513270452,0.76713604,True,0
superfamily_label,superfamily_holdout,64,0.7284762833008447,0.19701086956521738,0.2623604465709729,0.3465613367404647,0.09916009796831105,0.11147948030907028,0.14693608691814738,0.83210516,True,0
superfamily_label,superfamily_holdout,128,0.8546133853151398,0.3016304347826087,0.41068580542264754,0.4949096729812415,0.15758745917240252,0.19860156579681695,0.2541067772723623,0.8901831,True,0
superfamily_label,superfamily_holdout,256,0.9044834307992202,0.36684782608695654,0.5231259968102073,0.5819400147231029,0.20290887330595578,0.2879122779455324,0.3497989892470838,0.9395798,True,0
superfamily_label,superfamily_holdout,512,0.9263320337881742,0.3967391304347826,0.5606060606060606,0.6366750801660628,0.22528913825589014,0.3248368774598207,0.39211526001768715,0.9767876,True,0
superfamily_label,superfamily_holdout,768,0.9333983105912931,0.40217391304347827,0.5677830940988836,0.6613178084633929,0.2330619088358674,0.34190355541504336,0.4045555853823851,0.9909389,True,0
superfamily_label,superfamily_holdout,1024,0.9357537361923327,0.4048913043478261,0.5741626794258373,0.6722822131900996,0.23390872875848975,0.35256713386002986,0.4148990670373421,0.99726164,True,0
superfamily_label,superfamily_holdout,1280,0.936809616634178,0.4048913043478261,0.5773524720893142,0.6755831249387015,0.23445342930319024,0.35890545104549487,0.42192482816146387,0.9999999,True,0
superfamily_label,fold_holdout,32,,,,,,,,0.76713604,False,361
superfamily_label,fold_holdout,64,,,,,,,,0.83210516,False,361
superfamily_label,fold_holdout,128,,,,,,,,0.8901831,False,361
superfamily_label,fold_holdout,256,,,,,,,,0.9395798,False,361
superfamily_label,fold_holdout,512,,,,,,,,0.9767876,False,361
superfamily_label,fold_holdout,768,,,,,,,,0.9909389,False,361
superfamily_label,fold_holdout,1024,,,,,,,,0.99726164,False,361
superfamily_label,fold_holdout,1280,,,,,,,,0.9999999,False,361
family_label,family_holdout,32,0.5341130604288499,0.036684782608695655,0.7083333333333334,0.21270827068568643,0.012788081896695117,0.5251440407023512,0.5653286517099051,0.76713604,True,0
family_label,family_holdout,64,0.7014294996751137,0.06114130434782609,0.8443396226415094,0.3692556419354517,0.027190504034998925,0.7202973670262568,0.7510297601102546,0.83210516,True,0
family_label,family_holdout,128,0.8150584795321637,0.07065217391304347,0.925314465408805,0.5100834301486143,0.030251180510933454,0.8511873659293782,0.8718067698388772,0.8901831,True,0
family_label,family_holdout,256,0.8746751137102015,0.07472826086956522,0.9551886792452831,0.6148728427654175,0.030712798707188606,0.9036030357367779,0.9266454795162965,0.9395798,True,0
family_label,family_holdout,512,0.9039148797920727,0.07472826086956522,0.9583333333333334,0.6830956879397804,0.033104943807819205,0.9071276993912866,0.9322906408066192,0.9767876,True,0
family_label,family_holdout,768,0.914311241065627,0.07608695652173914,0.960691823899371,0.7106304954865722,0.03422302694353704,0.9094885299414555,0.9349788128496298,0.9909389,True,0
family_label,family_holdout,1024,0.9190220922677063,0.07744565217391304,0.9622641509433962,0.7225960928009448,0.03495338702345072,0.9146160503368532,0.9373981676883395,0.99726164,True,0
family_label,family_holdout,1280,0.9212962962962963,0.07744565217391304,0.9622641509433962,0.7283617229240539,0.034680666334961134,0.9117578751795508,0.9373981676883395,0.9999999,True,0
family_label,superfamily_holdout,32,,,,,,,,0.76713604,False,791
family_label,superfamily_holdout,64,,,,,,,,0.83210516,False,791
family_label,superfamily_holdout,128,,,,,,,,0.8901831,False,791
family_label,superfamily_holdout,256,,,,,,,,0.9395798,False,791
family_label,superfamily_holdout,512,,,,,,,,0.9767876,False,791
family_label,superfamily_holdout,768,,,,,,,,0.9909389,False,791
family_label,superfamily_holdout,1024,,,,,,,,0.99726164,False,791
family_label,superfamily_holdout,1280,,,,,,,,0.9999999,False,791
family_label,fold_holdout,32,,,,,,,,0.76713604,False,398
family_label,fold_holdout,64,,,,,,,,0.83210516,False,398
family_label,fold_holdout,128,,,,,,,,0.8901831,False,398
family_label,fold_holdout,256,,,,,,,,0.9395798,False,398
family_label,fold_holdout,512,,,,,,,,0.9767876,False,398
family_label,fold_holdout,768,,,,,,,,0.9909389,False,398
family_label,fold_holdout,1024,,,,,,,,0.99726164,False,398
family_label,fold_holdout,1280,,,,,,,,0.9999999,False,398
